<?xml version="1.0" encoding="UTF-8"?>
<ti:app xmlns:ti="http://ti.appcelerator.org">
    <id>com.whichiscooler.app</id>
    <name>Whichiscooler</name>
    <version>1.0</version>
    <publisher>admin</publisher>
    <url>http://</url>
    <description>not specified</description>
    <copyright>2013 by admin</copyright>
    <icon>appicon.png</icon>
    <persistent-wifi>false</persistent-wifi>
    <prerendered-icon>false</prerendered-icon>
    <statusbar-style>default</statusbar-style>
    <statusbar-hidden>false</statusbar-hidden>
    <fullscreen>false</fullscreen>
    <navbar-hidden>false</navbar-hidden>
    <analytics>false</analytics>
    <guid>24ccbbdf-7741-4f0a-ab18-1d15286791ed</guid>
    <property name="ti.ui.defaultunit" type="string">dip</property>
    <property name="ti.android.bug2373.finishfalseroot" type="bool">true</property>
    <iphone>
        <orientations device="iphone">
            <orientation> Ti.UI.PORTRAIT </orientation>
            <orientation> Ti.UI.LANDSCAPE_LEFT </orientation>
            <orientation> Ti.UI.LANDSCAPE_RIGHT </orientation>
        </orientations>
    </iphone>
    <android xmlns:android="http://schemas.android.com/apk/res/android">
        <manifest android:versionCode="1" android:versionName="1"
            package="com.whichiscooler.app" xmlns:android="http://schemas.android.com/apk/res/android">
            <application android:theme="@style/Theme.MyTheme"/>
            <uses-sdk android:targetSdkVersion="17"/>
        </manifest>
    </android>
    <mobileweb>
        <precache/>
        <splash>
            <enabled>true</enabled>
            <inline-css-images>true</inline-css-images>
        </splash>
        <theme>default</theme>
    </mobileweb>
    <modules/>
    <deployment-targets>
        <target device="android">true</target>
        <target device="blackberry">false</target>
        <target device="ipad">false</target>
        <target device="iphone">true</target>
        <target device="mobileweb">false</target>
        <target device="tizen">false</target>
    </deployment-targets>
    <sdk-version>3.1.3.GA</sdk-version>
    <plugins>
        <plugin version="1.2.2">ti.alloy</plugin>
    </plugins>
    <property name="ti.deploytype">production</property>
</ti:app>
